,liker_name
lai080789,20
hyj_l_b_j,19
sally__0913,19
dylan2661683,19
rjswindlehurst,18
btdct_b10,18
jessie_shiau,18
wantmicholitzii,17
xiaotouai,17
albertlin0531,17
rizzy_0211,17
exmicols,17
tsai_0_3_2_4,17
yunn__1129,17
love____blackpink__lisa,17
kaimo_0522,17
thps7777,17
tsai.yueh.han,17
s_k_y_e___,17
ghao_cheng_lai,17
min_e_11,17
dakaizou,17
mic_tyson0106,17
guava_0927,17
chen_eian_,17
ritalin_0728,17
jenna_22.430,17
perry_pi_0502,17
shaohao_kevin,16
mugim0408,16
h_h_030202kris,16
binze_lu1996,16
kimsu0518,16
dudrns19,16
blueeee909,16
yanmin_c,16
liyichang_,16
oookokay,16
_tony.hsieh,16
kai_zhen.c,16
yang.y.y,16
yujia19,16
ivy920112,16
marshivan_kuo,16
messi10th_,16
jackpearson880101,16
zpt_dora.o,16
ha.n.kl,16
wei_hong_0605,16
wei.111111,16
echang2000,16
yumi99may,15
gyehyoung0829,15
wade_1016,15
cj.00722,15
_yunju16,15
cioffi_natalie,15
cpinjun,15
ezpeterkimo,15
toby.d_b,15
molkuology,15
ch_han________,15
oneshot_only,15
e_t_0915,15
syc_0707,15
___wt10___,15
yuuuchuan,15
fable_0619,15
mia_cadle06,15
_____cjy_____,15
yaaaaaaaaaabi,15
_freeeeeee,15
lllou28600,15
caiyixiu7178,15
oscar_ou_0606,15
niiiiiiii0517,15
wenkuan_,15
zhi911101wei,15
ray_2000_08_17,15
_sss.2003,15
zhongyu_219,15
lucas12_02,15
annie_8469,15
ya_han154,15
wanjun.huang,15
huang_vivian_0206,15
yizhen_1213,15
ohl_l11,15
p090511,15
ffrruby.raspberry,15
twbb_0803,15
hani0430,14
liu911031,14
zhelun0121,14
cyyy_24,14
ischloe,14
sophiaaaaa_0510,14
xoxoeybgu,14
catherineho805,14
yi_weiiiiii,14
_candy.fayjai_,14
cnlncnlncncn,14
yan._.1031,14
i.am.hsuan,14
shibafans,14
face_ape.1999,14
xiejiaxin0724,14
jimmychou92,14
kl8800701z319,14
0820_hao,14
20230806annie,14
vviicc_15,14
hurdles0420,14
ml3507,14
mmmmming_0529,14
zhuanming,14
tiger_brother_su,14
jiaqing.jian,14
tim_rainending,14
samueltoo23,14
jerry1293830,14
colliy.noodle.yilloc,14
scott2601126,14
zhanxingyi,14
blitz_963852,14
lyw_03_30,14
cyshrc_chen20021019,14
weng8618,14
gang_0213,14
zq__1013,14
f_mendozac,14
chouzion,13
ji_ji410076,13
earl_black_tea_,13
weiting_ma,13
qian_rou0623,13
hsiangan_0425,13
12345677e88,13
caca_0630,13
samlu_03_11,13
inugami_retry,13
johnny.yen,13
sea0629_trggmillyz,13
yue_cyuan,13
ya.aac,13
lch_han,13
min__1119,13
kailisowpiggy,13
chu_wyy,13
norison_929,13
fxxkthe_life,13
pearl.chicken,13
yang.0620_,13
emamrch,13
ya881217,13
chen_chi_jun,13
lin_8958,13
baijun_030708,13
slimmmmmmmmme_,13
z.yyh17,13
peeeeeeeeeenny,13
j__weiwei__,13
pei_chi815,13
_fang__yu_,13
zrouy.in,13
bustling_euphoria,12
long_aka_glock,12
lun.0710,12
vicky890207,12
stan890126,12
probolai,12
wesley01313,12
libra_anna_,12
victoria_081110_,12
yyyyyhan_176129,12
emmatang911108,12
qiu_0905,12
jennyzhu0621,12
jun_o020o_,12
_106.zzz,12
cindylaivvi,12
reginald_pong,12
nice.der.la,12
lucastall6670,12
m_w.u.16,12
we_cha82,12
krb_2001,12
wramlin,12
emilytsai_59,12
bryan_90706,12
abc911101,12
liu_yuyu_11.12,12
deng_jun_wei,12
elaine_8812,12
huang__yt,12
liu.zhaoxiang,12
bob_1213tt,12
bian31_bacon,12
vivian__0914,12
jumping_smj,12
yun_chen0814,12
victor.3820,12
chengyuuu__c__h__a__n,12
amberrtsai,12
ray_jh0401,12
manuelamir_,12
xtina_tk,12
laffa0827,12
tony910928,12
i0523918221,12
ulcatedx,12
sectone_nong,12
eeeee_ccccc_,12
harry52024,12
tanjingjun__17n,11
yen_11056,11
joe_.1120,11
zhan_0214,11
sky7119,11
wellyyllew,11
gina._.10.22,11
crayon.pn02,11
_linda_0922_,11
reaxxgan,11
hey_trash,11
_xin.yyyy,11
yoyo_tv_0203,11
maoda_913,11
ivy.yang_10_11,11
chewei_0116__,11
lin_peng_li,11
sheng__8812,11
jjjj_aaaa_0908,11
h_ivvvvvvan,11
megan0106,11
eva563214789,11
qebbie_hsieh,11
hinatawen45,11
_______emmm,11
cvz97,11
praserdmeelong,11
chenuuee,11
yaxuan_7120,11
yuchen_0503,11
hank97713,11
yzx03_13,11
jacktcfsh,11
yo91113,11
___o0716,11
fanwei0910,11
o__liu__,11
gina901019,11
jingwen_hey,11
si.ying___,11
han_920801,11
piter.p.777,11
k.f.knights,11
yu_91.12.26,11
tako_zh_yuuu,11
tsui_0101,11
b.yungch.u_,10
ff69_0801,10
leana.esch,10
huang_shen_wen,10
popping_wei,10
i2854336,10
derchance__sprint,10
yoninalin1005,10
davetsung,10
peihan7551,10
anita_0708_,10
ark4_ruth0130,10
alan__tw,10
jy.9262,10
dennychiang,10
stone26051,10
tina_jen0415,10
brenpache,10
0901_cute,10
vincent_7ai,10
lucy.chh,10
hsuanz___519,10
fish__0706,10
_imjianait,10
yi_zhao19990621,10
you_1202_,10
xiuyi_chen,10
hsiao.91.09.10,10
wendyzy_,10
chube_1007,10
wike70,10
binghua__,10
rose_i1130,10
yingchen_0325,10
chch_3,10
twedward0329,10
henrychen0720,10
danny122059,10
q85111781,10
yeeeeeeerou,10
10.18_lin,10
cest_shine,10
tracy_20283,10
seung.0317,10
chen_.0614,10
tsai.yaocheng,10
tzhxc,10
kentyang2017,10
jieee922__,9
karta0216,9
kaiii1026,9
peterhuangggg,9
aug_brainer,9
zax________wei,9
kosuke0837,9
nivian_0311,9
ci.508,9
pin_08_01,9
xuance.wang,9
moon03_giraffe,9
_0701,9
k_e_n_tsai,9
ian.881005,9
sawyer__049,9
pei.0814_,9
tao_fisherman,9
chen.tai.jhen,9
yuc_0618,9
hanyuan_1227,9
jimchen1551,9
march_aya,9
squlee,9
yang_900714,9
_0628_yu,9
no_qum,9
elvis_xhong_,9
fin.martin,9
bian31_monster,9
dream_star_0817,9
rrrrrrrr9991,9
eggggg_0419,9
linda10612,9
sky10.14,9
brian.0713,9
wolfandsheep123,9
shan_hao_0708,9
__bubzy,9
en_da1201,8
berashih,8
hanlin185.67,8
brian.yin2000,8
little_green_bud,8
vincent.infor,8
90_06_05,8
_pinjie_,8
923_amy,8
cody910917,8
cxozovn,8
zmf51x2_,8
xxivanjiangx,8
youchen900330,8
thcb3181,8
you_bagayalo,8
sallylai_1217,8
hw._.bennyyy,8
yaya___1231,8
yu_jie_chen00,8
iam.yuwen,8
skywind0923,8
peterxin34,8
ginger_2002_10_24,8
yushuan_1001,8
qiao___817,8
hmc_6655,8
doris_871016,8
lee.i.shan,8
baby_0_8_0_7,8
ej._.chen,8
wangchen_0617,8
lu50021666,8
yuanjiun_0622,8
chloe.xn,8
a20517510,8
gven_0920,8
_clark_1201_,8
yvonne120192,8
hwaxy_,8
chen_chen_lee,8
hao.han_0926,8
vasiine_,8
rini_ann_,8
108sonate_mondschien,8
g_11.en,8
_02_01_24_,8
jou_chen316,8
talkfastbeebo,8
wepigny.49,8
13_zhong,8
no_more_patient,8
andywang_0218,8
02chuncb_,8
kaikaibaby4n,8
91__0922,8
_giaaalin,8
yenbo_,8
ulreeca__,7
chinssss_,7
wmwillmw,7
yangjigang0917,7
oeuf._.0609,7
shu_ching_chen,7
jrhan.bagel,7
boby9897,7
alen00516,7
lin030429,7
hsu_chuan_lung,7
squirrel_max9622,7
61_pcyiii,7
rex920811,7
hua.0114,7
tiny_tinny_little_small,7
chung_fu_0719,7
kevin890830,7
cindy__1006,7
vincent19981225,7
kunghung____0322,7
_c_k_y_0_5_1_9_,7
yyinjjaillin,7
hsuan_061,7
irisss_1018,7
liu_junjay,7
tamau_0212,7
ju_stin_0430,7
green_beens2001,7
pin.0523,7
gn588078,7
pei_014,7
chi_rui,7
laamlaam922,7
yuyilin_,7
jin92.03.07,7
justing.2.0,7
shihhaohuang_shaun,7
herbert0220,7
newwwwwwwme,7
charlie.chung.31,7
_letgo._,7
pasdzxc56,7
jordan.lin,7
a1ex____1,7
neoeoet7,7
vivi_04_17,7
vivian_tsai_0518,7
soilwork_,7
renfu_lol,7
kai__0401,7
wufu789456,7
jiang_10.23,7
shino_kuo,7
wrondfra,7
vxqccii,7
diem1436,7
manii_fishie,7
ahnamjj,7
not.myself_in_my__life,7
asdaug_,7
steven_dejesus_,7
yh.1125,6
wjthirty,6
yuxian_qwq,6
aragon1206,6
cla_1030,6
sunnyhsu9051,6
dame_life1207,6
hlx_blessing0109,6
lm10_0608,6
mak_harry8831,6
pinshan227,6
ho__0512,6
asd25794,6
ineedmoney8888,6
kkkkk6666222,6
un_known_student,6
philip0225,6
emilylee0129,6
minjiguo,6
yunchen_0915,6
kaoooooooooooooo,6
allen_870419,6
zaynboy_0823,6
sandra.kao_20,6
lun.0416,6
emma_liu_0616,6
zhu.chenli,6
willy860209f29,6
naziett,6
kb_0918,6
_jerryyf_,6
cutefenfenchen,6
sater_tsai,6
chang_shao_chi,6
emma__yun_,6
jinxuan_0429,6
joashdys,6
jellylife12_04,6
jobanier,6
a0989093258,6
_se.jay,6
_yushiang12.18,6
alebeapaez,6
akniytt,6
wythe51,6
1990ladybug,6
morris21134,6
tsai.mei.chun,6
gt.raa,6
marcofon,6
weishanwang,6
aspie_tw,6
a_chi777,6
camel.018,6
jodie._.06,6
fishleilei,6
powentseng,6
vivi_chu25,6
sam_chen1219,6
ichbin_herrchen,6
iry0507,6
lai_han0810,6
cherry911118,6
sobig_lemon,6
tangyan_0307,6
genewu0715,6
stefyus_,6
8787leo_,6
chloe_jhong,6
yaotinglee,6
wan_ting.0506,5
xiang920223,5
qqjelli,5
morgan910304,5
yingying99_mul,5
minhan0816,5
alderickbonilla,5
alisha.com1028,5
__.chi129,5
samps4418,5
nina__0926,5
shining_gem_tennis_eunhyukee44,5
haha_chang,5
e_a_t_i_n_g,5
_gomika_,5
matt_c91,5
hsuanyi_yen,5
_wshu1,5
___chy0204,5
sung_p8,5
nelsonchang1110,5
chang_wei_0203,5
david_kuo_0925,5
enyinong,5
zhixian_1228,5
christina.wang.lay,5
d1552510,5
makapahay.kolong,5
cola4116,5
kuuuuuun_0818,5
davidpeba1,5
jessiicadesu,5
jack930901,5
luo_fangyu_1004,5
lin_ph112860,5
pyjh80208,5
an_yasiungu0906,5
xbertdoan,5
simple_305,5
tzhan0217,5
_jia.jia09.22,5
_liu_0515,5
_cccchris_,5
slender1844,5
da_wan_yo,5
mr_lv0529,5
mochi_a_1230,5
evil__fire,5
s.s.yang._.4.13,5
siyu0610,5
rayyang19991229,5
changle.lu,5
haoping55,5
tyxulb,5
x.youngprinz,5
bello915haha,5
kkuo159,5
shinee_0301,5
krystal19981211,5
zhuchengxiang,5
chaoyi_0704,5
cyc.12,5
shinfu.wang,5
tsai__0726,5
ke_rex_,5
sam215.__.lin,5
brian_mamba24,5
ja1295,5
jjh20075,5
joe_90.09.26,5
hua_an9527,5
adam_tcy1,5
omm_0830,5
daniel.1202,5
wewe00000000,5
_rrrrcmr,5
tiffany__0605,5
chenyonghe2869,5
chengjun.gong,5
colcch,5
teresa06_14,5
corn_0917,5
an.0429,5
chaingminsu,5
willy.t,5
benggaz,5
kartd0057435,5
a57823,5
x1229__,5
xu._.ann,5
chenrui_chang,5
hsieomas,5
sh1an_____,5
g9916209,5
__tinying,5
jl588999,5
_xzm_622,5
dctumusic,4
onionwang363,4
drb50th_tzu_yu0101,4
__xrisev0419,4
tommy_chuang,4
zack_studio,4
qq_199567,4
tiger__tigers,4
xiaomaitu,4
xun.01.26,4
terence1317,4
kuofeng_1124,4
emma890109,4
_jordan_hu,4
darkwing,4
peng72003,4
ycbrian2288,4
s0977406362,4
yushanshin_0612,4
1.211_wj,4
tw_k3,4
yukofq,4
jack010605,4
kenny_89719,4
lo____01___14,4
yufan_lin,4
maxchenggucci,4
abby.0920,4
1039min,4
teckseonglee9124,4
karadanielleeee,4
herecomesmickey,4
yyanyan_1009,4
belle_09221019,4
merven_sheep,4
yu__tseng,4
_lohow__,4
_danielaem,4
tzuuu_0516,4
eddie1035434,4
mingnaiyi,4
wilson900209,4
kwsk0810,4
pang_0422,4
pau_devin,4
y.u_4.25,4
sw.0628,4
johnson3151,4
berjii_2926,4
_candy0406,4
wathek.mta,4
wvw_mum,4
yuhong__930708,4
ivanrangel_13,4
chang_hsun_hsu_,4
karta0837393,4
andresfl01,4
vkytz,4
shi_yun_13,4
yoganotyoga_,4
hank06010,4
mao_jhen_lin,4
chickensskin,4
ying__q._.p,4
henry19990605,4
forone_tzum,4
ding1126,4
shaotsai_,4
sandy891020,4
stanley__030,4
guangyushiung,4
peter._.j0517,4
fkankb53,4
hong___wei,4
shengbolai,4
thelionking6986221,4
lee_jun0108,4
bichsloan,4
bo_nnnnnie,4
ctrl_k_one,4
_xuan7_g1,4
tan134657,4
len0930,4
cjobryant0413,4
qb00dp,4
scottwangattw,4
ycck999,4
na_wen_0520,4
yunghan_63,4
_yilllllll____,4
bing_fish_,3
huang_kaichieng,3
alfie_007sg,3
y_ang_2003,3
huan_cat_lawyer,3
w.en__14,3
kuanlizzy,3
conggg890315,3
o_0.yong.l,3
howard890321,3
katka_kanakova,3
masklai,3
davidhsu_remy,3
hihye0525,3
2001_yaaao,3
photodecccamp,3
hsu_chih_yu_07_14,3
shansan0123,3
icemaker_712,3
never_pierce,3
b94202072,3
doreme0v0,3
jump_xiao,3
fc_1229,3
shiori_moriyama_tw,3
sunnydayhayah,3
chiu_haohao,3
nairui_1218,3
luen100,3
jelena_1412,3
ende.li,3
_good_luck.18,3
aaron_23_zong,3
jagg_q,3
nhu_say_hi_,3
asdasd56123,3
36heat.jjkk,3
yunchengzhong,3
paiwaylin0704_left,3
zhu890924,3
sundexin108,3
1222.will,3
vincenttsai2014,3
yun_09_19,3
sparrow_heart_,3
tong0121,3
_najbmnf_,3
fatfat17165,3
thekevinliuuuuu,3
yu_chung__,3
imkico0421,3
roger_0124,3
gi_shan0428,3
shangen4three,3
hsxc29,3
2oo10225,3
daphne_hsueh,3
c.y.f__0115,3
_.2003yi._,3
lu_12.17,3
julieho_99,3
marginer_0331,3
zerobssi1127,3
shuang_1111,3
addio_24036,3
aiken_0421,3
zj_1023,3
yun_chennnnnnnnn,3
_hsin_0515,3
max_huang1019,3
chunhung_hsiao,3
0407black,3
fuckntu_,3
jazmine_batim,3
abby._.0412,3
chi_801228,3
__xujie,3
peter_0206,3
kuopeter,3
chengyu332,3
2h.tw,3
blue_kq,3
frank_0328,3
naaaaaaaaaa_0220,3
jk1.029,3
fannyfannyli,3
seeming_1019,3
stanley_a1214,3
karenvillarrreal,3
chunkiattt,3
cen_yun_,3
f_w_08v,3
han_850301,3
hx0.7,3
song_lin_0302,3
e.r.i.c.y.a.n.g,3
leee_cham,3
_anita_0219_,3
sean520_bb,3
peter102096,3
hhtc02__d__,3
bacon8787,3
kuanting_curry0913,3
mar.gelo_s,3
ripper0712,3
neosteam__,3
chuang_voya,3
yuhann_1016,3
ckfg_hen,3
appetizet,3
jiayi_0214,3
itsrachel.l,3
de_wei0602,3
fxx_50729,3
ko_pe77y,3
_yuwei0912_,3
nuhc.9,3
seanwang1125,3
lz.xun,3
0.2lin,3
basheeralibaheer,3
ruoyohuang,3
rubyinthestar,3
wendy.1019,3
spgtwn_cc,2
5270chen1127,2
lilyhwangtw,2
ethan_kuo_890302,2
zhe_jun,2
0712_kai,2
chihken_chu,2
gfy_sean,2
ting_yu423811,2
i__am__mr.nobody,2
yixin7756,2
ahocam0507,2
keith.ywood22,2
hongh7601,2
kevinhou0117,2
jokerorpoker,2
starlight_829,2
lssant99,2
_hm.w0ng,2
zheyu_0824,2
tingyi.hong,2
linda212214,2
pasuya0808,2
nina11.13,2
6.5_bbdd,2
tg1y_jason405,2
mengrongchen,2
terry10251025,2
baseball.1226,2
yang3_su,2
keep5513,2
frankstarkwestbrook,2
tingyu1524,2
_mother_soup,2
uuk_ttt,2
te11g,2
uinpol,2
po_yu_1128,2
a5172103,2
yuchia_1004,2
axis365487,2
andy.c_1221,2
619_cyz,2
chenghan_0907,2
hairking1130,2
hk.16jen,2
wen_hehe_01,2
yan0207___,2
enaliu_0611,2
meng___0125,2
meimei_0624,2
dora.do.568,2
czp5193,2
ia_lieber,2
j_cole_player,2
harry881212,2
nivian.an.11.04,2
kevinorjohn,2
_17huang,2
a1prettymotherfucker,2
greenbabyyyyy,2
iiik910629,2
henry50618,2
willy.zhang128,2
wwwwvv5566,2
a37649089,2
zhu.10.04,2
willy135000,2
t.j.1230,2
fish_0524_,2
y_so_serious_59,2
lo1996713,2
minsoo_noh,2
yin_215,2
ff69_un118,2
frank75147_retry,2
jia4411,2
hank00117,2
anna.idont_know,2
cherry.iz,2
mr.tsai_1024,2
anti005688,2
agony_0327,2
dongdong__33,2
tinglingchiu,2
tsai__cheng__han,2
a39858865123,2
jiatonglin0106,2
andy.liou.1993,2
sasha_nirusha,2
cw_725,2
18_yutin,2
bo_yang.1227,2
iammoni2000,2
jason8066,2
c__champion91,2
g11966,2
kbossbill,2
bing_yi_0214,2
acaules,2
jjyong97,2
_lc727__,2
janetys1025,2
_william1102,2
chiuchiu_0516,2
junyi5479,2
ericddsu,2
jane911130,2
ja5perting,2
me____no_name,2
moyuwe,2
laurence_yang,2
ares_yen,2
7en990002,2
chickenlove00,2
imtherealhunk,2
kukurou_0321,2
champie64221323,2
madvincula35,2
wendy_zeng,2
_jiaaaaa._,2
hachu_0629,2
yayeolll,2
palotiina,2
elwin_98,2
qiu_0816,2
bouncing_mimi,2
ly_joyce1121,2
hansonduck,2
wanna_sleep_all_dayyy,2
david.su8712,2
wkkqwjack,2
wuu1995,2
__keepgoing_,2
c._.yurou,2
fan22826006,2
chen_0534,2
paul_1068,2
31_hannah_,2
jianjianya,2
davidlinbar,2
zhengzhe221,2
lalala_1116,2
becasby,2
greenfox.paf,2
ding.6969,2
__peter0820,2
doexooooooo,2
gaga_19981123,2
spencer_chen_228,2
alen7372571,2
su_xavier,1
chuanhsin0618,1
hcw0918,1
zhuang_621,1
vince0616,1
liuguanbang,1
david_118878,1
alex58807093,1
yizhong_0604,1
pinxun_,1
ting_wei_0425,1
howwen_0715,1
chunchieh__w,1
john.yao,1
cyi95047,1
yp.894,1
ponyma860819,1
superpowerbump,1
giggspyt,1
irx1123,1
xiangmensheng,1
lamjoleen,1
just_you_nick,1
peterhiko000000,1
che23er,1
be_myself_myself,1
astrea_77,1
_hyy_ronald.ho,1
yu_jing_0310,1
rvnk571,1
isayucrazybcuras,1
xiang_04.12,1
elk_shop_,1
leo890911,1
gogoreallife,1
rd1i_,1
ls__u,1
_gamblers_,1
g.race1207,1
udv7777777,1
selencivil,1
tinasocool,1
muscle.0830,1
_zepo,1
ray_92_05_05,1
kyleee_tseeekb24,1
yang199926,1
xiang13_,1
bestfriend0225,1
lin_yue_sheng,1
kevin24311,1
maartumattioli,1
jack910310,1
weaa7789,1
jang.hyeongsu,1
jasper884422,1
yujie_yang_,1
bighead_870101,1
bo___han,1
bohao_tw,1
shannon_0726,1
gary00222,1
cong2.21,1
ohhteresatw,1
allen93198,1
syang_ysh,1
pray860930,1
chuck14573,1
bnm234y,1
kmjnhbgvfcdxsza127,1
wuwillson1007,1
17.7761,1
small_aaaaaaaaa,1
giottojay,1
kao_fu_chen,1
chenjay_0419,1
ww__90.10.18,1
yellow_huang_37,1
__villex__,1
carsunsharq,1
xn1221_,1
sloth_slow_slow,1
s990308,1
kenny_teh,1
jiahongxie,1
siaopeijun,1
weihao_ho,1
michael.0930,1
yasiyungu__,1
xiejiazhen2186,1
asho7159090,1
liyi_505,1
sllpa__,1
brt4nt_o123,1
maple._0820,1
chen.zhengqin,1
cheeseorange999,1
weitingchen0510,1
michael19990402,1
su_wenlin,1
screw_1225,1
anfat_1129,1
1999.ix.xvii,1
vito2611871,1
humpback_fruit,1
500188yee,1
stupid_dududu,1
perthozboy,1
_______strangers,1
lizzycchu,1
89.06.26,1
hsuan._.0408,1
0612amanda,1
jack_890301,1
wannnn_28,1
cai__zx,1
henri.chien,1
___chun0___,1
stoner._______,1
fidge_ty_,1
david_fang_fang,1
god_shuai_1130,1
perthendermologie,1
boyu3280,1
91.xz.lcf,1
thechunwei,1
caleb890703,1
97_878787,1
vivian6.1,1
ken871022,1
jerrya1936,1
ching_wu0707,1
ken731024,1
shan.1218,1
yc02_29,1
sasha_10_30,1
xuuaan___,1
4nlincap,1
josue_r_98,1
shuo.1211,1
cleverhanyu,1
victor06070607,1
moka1105,1
joe780972,1
rihaolu,1
chieh_c1010,1
gmail.com.taiwan,1
_miao____,1
brian_sstt,1
qwe_55123,1
kyo_0770,1
62sf_chen,1
___jane___han___,1
__mekumi_suba,1
hou_wan_want,1
mystery_b11,1
lin20030808,1
seanyan116427909,1
sam__7199,1
happypig0428,1
elmowang,1
bramyeh,1
xuan_4.16,1
po_chu_chen,1
guanlin_1023,1
zeynepiriskayhan,1
watt.han_0516,1
edisonchen1991,1
arkin_alenzi,1
yun_han_0524,1
stvn0.o,1
bao_1124,1
smallgua0408,1
tayihuang,1
hong_0906,1
azoz05511,1
sdy.113,1
ydl20020901,1
yar_liang,1
hkr_x_x,1
z____1212x,1
yuexun__37,1
p.__zr,1
yu_chen0212,1
jaysejig,1
kino_tng,1
ronhuang587,1
yuu___yoo,1
zijun6art,1
hwa___i,1
vulawa213,1
h890808,1
fun.3157,1
boyi_07.29,1
0529_huey,1
eric0684,1
jaymzeboy,1
rr999888tw,1
liao8310,1
xuan_1001_,1
lsj__lover__,1
a0932807496,1
wuyx_1009,1
dolemiao,1
mnbv09876664,1
z__8198,1
cbingjun,1
min819__,1
tsengbotton,1
jadpc507,1
pinyi_0912,1
una__nanana,1
k_08.24,1
hinnn2.0,1
mpeongsi,1
haikeryang,1
mybound_14,1
tall.______,1
ma_gotn,1
zero0228,1
andy_hsiao_,1
franharuka,1
wasd.kp,1
nini050517,1
andy_pan0818,1
hui0826,1
0529_,1
nita523food_,1
chiuchiuliao,1
cest_la_vie_6969,1
pj_is_me,1
yy_101188,1
rana_69,1
botomwu,1
brrruuuuccceeyuu,1
andy_wang_0808,1
scvdrv,1
ccy_mimi,1
wei_shin_2002,1
uuelva,1
sheng_wen_175,1
hua.hsing,1
nnnngnnnng,1
kevin__0229,1
chingwen0924,1
bigman5487,1
rong789789789789789789789789,1
abc66625,1
popsilver.0104,1
zhendong.lin,1
kai_ye0521,1
